皆伝,http://www.dream-pro.info/~lavalse/LR2IR/search.cgi?mode=ranking&courseid=6526
十段,http://www.dream-pro.info/~lavalse/LR2IR/search.cgi?mode=ranking&courseid=6525
九段,http://www.dream-pro.info/~lavalse/LR2IR/search.cgi?mode=ranking&courseid=6524
八段,http://www.dream-pro.info/~lavalse/LR2IR/search.cgi?mode=ranking&courseid=6523
七段,http://www.dream-pro.info/~lavalse/LR2IR/search.cgi?mode=ranking&courseid=6522
六段,http://www.dream-pro.info/~lavalse/LR2IR/search.cgi?mode=ranking&courseid=6521
五段,http://www.dream-pro.info/~lavalse/LR2IR/search.cgi?mode=ranking&courseid=6520
四段,http://www.dream-pro.info/~lavalse/LR2IR/search.cgi?mode=ranking&courseid=6519
三段,http://www.dream-pro.info/~lavalse/LR2IR/search.cgi?mode=ranking&courseid=6518
二段,http://www.dream-pro.info/~lavalse/LR2IR/search.cgi?mode=ranking&courseid=6517
初段,http://www.dream-pro.info/~lavalse/LR2IR/search.cgi?mode=ranking&courseid=6516
一級,http://www.dream-pro.info/~lavalse/LR2IR/search.cgi?mode=ranking&courseid=6515
二級,http://www.dream-pro.info/~lavalse/LR2IR/search.cgi?mode=ranking&courseid=6513
三級,http://www.dream-pro.info/~lavalse/LR2IR/search.cgi?mode=ranking&courseid=6512
四級,http://www.dream-pro.info/~lavalse/LR2IR/search.cgi?mode=ranking&courseid=6511
五級,http://www.dream-pro.info/~lavalse/LR2IR/search.cgi?mode=ranking&courseid=6510
六級,http://www.dream-pro.info/~lavalse/LR2IR/search.cgi?mode=ranking&courseid=6530
七級,http://www.dream-pro.info/~lavalse/LR2IR/search.cgi?mode=ranking&courseid=6508
